Tag,Category
playing_trombone,action
playing_controller,action
photograph,action
recreation,action
sitting,action
situp,action
playing_recorder,action
playing_cello,action
playing_flute,action
playing_bass_guitar,action
throwing_tantrum,action
standing,action
playing_clarinet,action
roller_skating,action
using_segway,action
playing_violin,action
playing_saxophone,action
smile,action
playing_organ,action
inflating_balloons,action
waving_hand,action
public_speaking,action
singing,action
outdoor_recreation,action
passing_american_football_not_in_game_,action
playing_trumpet,action
playing_pan_pipes,action
percussion,action
headbanging,action
playing_ocarina,action
smoking_pipe,action
backflip_human_,action
marching,action
giving_or_receiving_award,action
grooming_horse,action
answering_questions,action
yoga,action
cutting_orange,action
playing_pinball,action
alligator_wrestling,action
breathing_fire,action
busking,action
snowmobiling,action
folding_napkins,action
making_paper_aeroplanes,action
cumbia,action
putting_on_eyeliner,action
recording_music,action
pushing_cart,action
dance,action
dancing_macarena,action
pushing_wheelchair,action
ski_jumping,action
playing_cymbals,action
contact_juggling,action
climbing_tree,action
bartending,action
fixing_hair,action
ice_fishing,action
falling_off_chair,action
disc_golfing,action
belly_dancing,action
playing_harmonica,action
skiing_mono,action
putting_on_lipstick,action
repairing_puncture,action
tossing_coin,action
using_remote_controller_not_gaming_,action
jumping_jacks,action
drinking_shots,action
country_line_dancing,action
contorting,action
kicking_soccer_ball,action
figure_skating,action
calligraphy,action
home_roasting_coffee,action
karaoke,action
flipping_pancake,action
catching_or_throwing_baseball,action
counting_money,action
eating_hotdog,action
gospel_singing_in_church,action
geocaching,action
getting_a_tattoo,action
acting_in_play,action
massaging_feet,action
playing_poker,action
drop_kicking,action
needle_felting,action
riding_elephant,action
making_a_sandwich,action
opening_door,action
unboxing,action
control,action
playing_ukulele,action
folding_clothes,action
playing_didgeridoo,action
playing_keyboard,action
sword_swallowing,action
washing_dishes,action
tying_bow_tie,action
playing_chess,action
sharpening_pencil,action
shearing_sheep,action
yarn_spinning,action
writing,action
wrapping_present,action
whistling,action
washing_hands,action
track_and_field,action
sprint,action
triple_jump,action
trimming_trees,action
sailing,action
boating,action
windsurfing,action
physical_exercise,action
playing_xylophone,action
tickling,action
swimming,action
swimming_backstroke,action
swimming_breast_stroke,action
smoking,action
playing_bagpipes,action
weaving_basket,action
running,action
jumping,action
high_jump,action
washing_feet,action
twiddling_fingers,action
attending_conference,action
brush_painting,action
building_cabinet,action
crossing_eyes,action
cutting_pineapple,action
bottling,action
braiding_hair,action
bowling,action
breading_or_breadcrumbing,action
ball_game,action
breakdancing,action
breaking_boards,action
sparring,action
brushing_hair,action
building_sandcastle,action
building_lego,action
bulldozing,action
bull_fighting,action
drawing,action
burping,action
calculating,action
carving_ice,action
cartwheeling,action
carving_pumpkin,action
card_stacking,action
catching_or_throwing_frisbee,action
celebrating,action
changing_oil,action
chiseling_wood,action
climbing_ladder,action
chopping_meat,action
cleaning_gutters,action
cooking,action
chopping_vegetables,action
cleaning_pool,action
sports_training,action
strength_training,action
clean_and_jerk,action
coloring_in,action
cooking_on_campfire,action
cooking_scallops,action
cracking_knuckles,action
crawling_baby,action
crossing_river,action
motorcycling,action
crying,action
curling_sport_,action
cutting_watermelon,action
cutting_nails,action
eating,action
choreography,action
dancing_ballet,action
dancing_charleston,action
driving_tractor,action
riding_mower,action
drooling,action
dancing_gangnam_style,action
drumming_fingers,action
dumpster_diving,action
dyeing_eyebrows,action
dunking_basketball,action
basketball_moves,action
eating_carrots,action
eating_doughnuts,action
doing_laundry,action
sleeping,action
eating_chips,action
egg_hunting,action
eating_spaghetti,action
eating_watermelon,action
fidgeting,action
exercising_with_an_exercise_ball,action
embroidering,action
faceplanting,action
falling_off_bike,action
cycling,action
lighting_fire,action
lock_picking,action
feeding_birds,action
scuba_diving,action
diving,action
feeding_fish,action
underwater_diving,action
learning,action
feeding_goats,action
fencing_sport_,action
finger_snapping,action
fixing_bicycle,action
luge,action
sledding,action
tobogganing,action
lunge,action
flint_knapping,action
fly_tying,action
golf,action
flying_kite,action
front_raises,action
folding_paper,action
getting_a_haircut,action
frying_vegetables,action
golf_driving,action
golf_chipping,action
golf_putting,action
grooming_dog,action
hand_washing_clothes,action
gymnastics_tumbling,action
head_stand,action
hammer_throw,action
headbutting,action
historical_reenactment,action
holding_snake,action
high_kick,action
hitting_baseball,action
boxing,action
wrestling,action
hopscotch,action
hoverboarding,action
hurdling,action
huddling,action
american_football,action
kissing,action
hugging_baby,action
hula_hooping,action
hurling_sport_,action
ice_skating,action
longboarding,action
skateboarding,action
jetskiing,action
ironing_hair,action
javelin_throw,action
jumping_into_pool,action
juggling_soccer_ball,action
mountain_biking,action
jumping_bicycle,action
jumpstyle_dancing,action
kitesurfing,action
crochet,action
craft,action
purl,action
knitting,action
laying_stone,action
laughing,action
land_sailing,action
auto_racing,action
lawn_mower_racing,action
laying_bricks,action
laying_tiles,action
looking_at_phone,action
lifting_hat,action
making_jewelry,action
shaping_bread_dough,action
making_bubbles,action
reading,action
making_balloon_shapes,action
making_sushi,action
making_cheese,action
origami,action
making_snowman,action
making_horseshoes,action
making_tea,action
making_pizza,action
making_the_bed,action
moon_walking,action
shopping,action
massaging_person_s_head,action
mopping_floor,action
milking_cow,action
mosh_pit_dancing,action
mountain_climber_exercise_,action
moving_furniture,action
mowing_lawn,action
mushroom_foraging,action
news_anchoring,action
shaking_head,action
opening_present,action
opening_refrigerator,action
opening_wine_bottle,action
parasailing,action
paragliding,action
parachuting,action
gliding,action
packing,action
parkour,action
peeling_potatoes,action
peeling_apples,action
soccer,action
passing_soccer_ball,action
petting_animal_not_cat_,action
person_collecting_garbage,action
petting_cat,action
photobombing,action
planing_wood,action
picking_fruit,action
pinching,action
sharpening_knives,action
pirouetting,action
planting_trees,action
gymnastics,action
playing_accordion,action
playing_badminton,action
playing_basketball,action
card_game,action
playing_blackjack,action
gambling,action
walking,action
playing_beer_pong,action
playing_darts,action
playing_cricket,action
playing_drums,action
playing_guitar,action
playing_dominoes,action
playing_field_hockey,action
playing_gong,action
cheerleading,action
cheering,action
playing_ice_hockey,action
playing_harp,action
playing_hand_clapping_games,action
playing_marbles,action
playing_kickball,action
playing_laser_tag,action
playing_maracas,action
playing_lute,action
playing_monopoly,action
playing_netball,action
cosplaying,action
playing_polo,action
playing_piano,action
playing_ping_pong,action
equitation,action
riding_unicycle,action
rodeo,action
playing_rubiks_cube,action
playing_tennis,action
playing_scrabble,action
playing_squash_or_racquetball,action
playing_volleyball,action
shaking_hands,action
playing_with_trains,action
poking_bellybutton,action
pole_vault,action
polishing_metal,action
popping_balloons,action
pouring_beer,action
preparing_salad,action
presenting_weather_forecast,action
pull_ups,action
pumping_gas,action
pumping_fist,action
punching_bag,action
punching_person_boxing_,action
punch,action
shaving_head,action
waking_up,action
shaving_legs,action
shining_shoes,action
shoveling_snow,action
shooting_basketball,action
shot_put,action
sign_language_interpreting,action
shuffling_cards,action
side_kick,action
worship,action
alpine_skiing,action
skiing_slalom,action
skiing,action
inline_skating,action
skiing_crosscountry,action
skydiving,action
slacklining,action
slapping,action
sled_dog_racing,action
smashing,action
snowboarding,action
snatch_weight_lifting,action
snorkeling,action
snowkiting,action
spray_painting,action
spinning_poi,action
standing_on_hands,action
bathing,action
washing_hair,action
water_skiing,action
watering_plants,action
waxing_back,action
waxing_legs,action
winking,action
canoeing_or_kayaking,action
wood_burning_art_,action
grappling,action
zumba,action
rolling_pastry,action
robot_dancing,action
yawning,action
rock_scissors_paper,action
sanding_floor,action
using_circular_saw,action
weaving_fabric,action
welding,action
tying_knot_not_on_a_tie_,action
throwing_water_balloon,action
tie_dying,action
testifying,action
texting,action
throwing_discus,action
tasting_food,action
tai_chi,action
tackling,action
sword_fighting,action
long_jump,action
putting_in_contact_lenses,action
swinging_on_something,action
putting_on_mascara,action
raising_eyebrows,action
reading_newspaper,action
making_a_cake,action
riding_camel,action
trail_riding,action
riding_scooter,action
roasting_marshmallows,action
rock_climbing,action
salsa_dancing,action
surfing_crowd,action
swing_dancing,action
separating_eggs,action
surfing_water,action
visiting_the_zoo,action
trimming_or_shaving_beard,action
trapezing,action
tying_necktie,action
setting_table,action
massaging_legs,action
massaging_neck,action
massaging_back,action
marriage_proposal,action
sausage_making,action
opening_bottle_not_wine_,action
scrapbooking,action
scrubbing_face,action
scrambling_eggs,action
using_a_microscope,action
licking,action
using_a_paint_roller,action
using_a_sledge_hammer,action
using_atm,action
using_a_power_drill,action
using_bagging_machine,action
using_puppets,action
using_inhaler,action
vacuuming_floor,action
pushing_car,action
push_up,action
sewing,action
putting_on_shoes,action
putting_on_sari,action
reading_book,action
riding_or_walking_with_horse,action
hunt_seat,action
riding_mule,action
ripping_paper,action
riding_mechanical_bull,action
trimming_shrubs,action
training_dog,action
tightrope_walking,action
tiptoeing,action
throwing_snowballs,action
throwing_knife,action
threading_needle,action
softball,action
tasting_wine,action
drinking,action
throwing_axe,action
tapping_pen,action
tap_dancing,action
tango_dancing,action
talking_on_cell_phone,action
swimming_front_crawl,action
swimming_butterfly_stroke,action
grilling,action
barbequing,action
stretching_leg,action
modern_dance,action
sweeping_floor,action
sucking_lolly,action
squat,action
stretching_arm,action
stomping_grapes,action
steer_roping,action
square_dancing,action
staring,action
smelling_feet,action
angling,action
skipping_stone,action
skipping_rope,action
sipping_cup,action
shuffling_feet,action
sticking_tongue_out,action
pan_frying,action
frying,action
grinding_meat,action
running_on_treadmill,action
riding_snow_blower,action
roasting_pig,action
roasting,action
walking_the_dog,action
tying_shoe_laces,action
needlework,action
stitch,action
weaving,action
waxing_eyebrows,action
wading_through_mud,action
waiting_in_line,action
walking_through_snow,action
bouncing_on_bouncy_castle,action
laying_concrete,action
swinging_baseball_bat,action
baseball,action
putting_on_foundation,action
pushing_wheelbarrow,action
tagging_graffiti,action
brushing_teeth,action
tasting_beer,action
springboard_diving,action
folk_dance,action
sneezing,action
recreational_fishing,action
shucking_oysters,action
bungee_jumping,action
shining_flashlight,action
building_shed,action
fishing,action
climbing,action
waste,action
hugging_not_baby_,action
hockey_stop,action
gold_panning,action
getting_a_piercing,action
extinguishing_fire,action
eating_cake,action
eating_burger,action
dyeing_hair,action
doing_jigsaw_puzzle,action
doing_aerobics,action
directing_traffic,action
decorating_the_christmas_tree,action
dining,action
deadlifting,action
bodybuilding,action
cutting_apple,action
driving_car,action
cooking_sausages_not_on_barbeque_,action
combing_hair,action
cooking_egg,action
cleaning_toilet,action
cleaning_shoes,action
clay_pottery_making,action
cleaning_windows,action
casting_fishing_line,action
clam_digging,action
chopping_wood,action
chewing_gum,action
chiseling_stone,action
changing_wheel_not_on_bike_,action
changing_gear_in_car,action
catching_or_throwing_softball,action
fly_fishing,action
catching_fish,action
card_throwing,action
carrying_baby,action
capoeira,action
bookbinding,action
blowing_nose,action
blowing_out_candles,action
blowing_bubble_gum,action
blowing_glass,action
bending_back,action
bee_keeping,action
blowing_leaves,action
blasting_sand,action
bending_metal,action
biking_through_snow,action
bench_pressing,action
beatboxing,action
base_jumping,action
bathing_dog,action
baking_cookies,action
assembling_computer,action
auctioning,action
arm_wrestling,action
arranging_flowers,action
delivering_mail,action
abseiling,action
doing_nails,action
adjusting_glasses,action
dribbling_basketball,action
applauding,action
air_drumming,action
applying_cream,action
arguing,action
archaeological_excavation,action
archery,action
assembling_bicycle,action
bandaging,action
battle_rope_training,action
blowdrying_hair,action
bobsledding,action
bodysurfing,action
acrobatics,action
waxing_chest,action
watching_tv,action
wading_through_water,action
unloading_truck,action
leatherworking,action
stone_carving,action
smoking_hookah,action
eating_ice_cream,action
docking_boat,action
dodgeball,action
diving_cliff,action
curling_hair,action
clapping,action
climbing_a_rope,action
bouldering,action
checking_tires,action
bouncing_on_trampoline,action
capsizing,action
pitch,action
surf_fishing,action
cracking_neck,action
logging,action
ice_climbing,action
installing_carpet,action
jaywalking,action
downhill_mountain_biking,action
kicking_field_goal,action
passing_american_football_in_game_,action
photocopying,action
print,action
plastering,action
shooting,action
playing_paintball,action
shooting_goal_soccer_,action
somersaulting,action
rope_pushdown,action
sawing_wood,action
using_a_wrench,action
riding_a_bike,action
juggling_fire,action
juggling_balls,action
ironing,action
jogging,action
cross_country_cycling,action
ice_swimming,action
krumping,action
cutting_the_grass,action
pillow_fight,action
futsal,action
water_sliding,action
caving,action
spelunking,action
throwing_ball_not_baseball_or_american_football_,action
calf_roping,action
rollerblading,action
tapping_guitar,action
cracking_back,action
fly_casting,action
harvest,action
cross,action
fight,action
wicker_weaving,action
marching_percussion,action
fixing_the_roof,action
playing_ten_pins,action
powerbocking,action
clipping_cat_claws,action
doing_karate,action
painting_fence,action
plataform_diving,action
making_an_omelette,action
painting_furniture,action
playing_lacrosse,action
playing_congas,action
bmx,action
playing_water_polo,action
layup_drill_in_basketball,action
removing_curlers,action
baton_twirling,action
riding_bumper_cars,action
snow_tubing,action
hitting_a_pinata,action
drum_corps,action
croquet,action
doing_kickboxing,action
table_soccer,action
rafting,action
beach_soccer,action
raking_leaves,action
roof_shingle_removal,action
making_a_lemonade,action
doing_motocross,action
hand_car_wash,action
spread_mulch,action
using_the_pommel_horse,action
using_the_monkey_bar,action
disc_dog,action
river_tubing,action
preparing_pasta,action
polishing_forniture,action
doing_a_powerbomb,action
fun,attribute
beauty,attribute
leisure,attribute
human_hair_color,attribute
black_and_white,attribute
darkness,attribute
black,attribute
long_hair,attribute
blond,attribute
wood,attribute
red,attribute
concrete,attribute
blue,attribute
daytime,attribute
military,attribute
denim,attribute
magenta,attribute
reflection,attribute
freezing,attribute
monochrome,attribute
multimedia,attribute
neon,attribute
black_hair,attribute
white,attribute
pink,attribute
electric_blue,attribute
cobalt_blue,attribute
silver,attribute
asphalt,attribute
cool,attribute
violet,attribute
plastic,attribute
metal,attribute
barechestedness,attribute
plywood,attribute
paper,attribute
gold,attribute
caramel_color,attribute
art_paper,attribute
evergreen,attribute
deciduous,attribute
youth,attribute
floating,attribute
elder,attribute
green,attribute
yellow,attribute
inflatable,attribute
polka_dot,attribute
orange,attribute
classic,attribute
sweetness,attribute
turquoise,attribute
azure,attribute
calm,attribute
purple,attribute
maroon,attribute
brown_hair,attribute
bricks_and_mortar,attribute
boiling,attribute
ceramic,attribute
iron,attribute
leather,attribute
symmetry,attribute
aggression,attribute
hunky,attribute
angora,attribute
wool,attribute
explosive_material,attribute
happy,attribute
dairy,attribute
shade,attribute
silk,attribute
synthetic_rubber,attribute
laminate,attribute
woven_fabric,attribute
woolen,attribute
plush,attribute
metropolis,attribute
moist,attribute
teal,attribute
brown,attribute
bangs,attribute
beige,attribute
cleft,attribute
drama,attribute
clay,attribute
rapid,attribute
peach,attribute
al_dente,attribute
bmw,attribute
caffeine,attribute
lilac,attribute
transparency_and_translucency,attribute
brass,attribute
citric_acid,attribute
origami_paper,attribute
complexion,attribute
afro,attribute
cardboard,attribute
red_hair,attribute
pompadour,attribute
fluid,attribute
layered_hair,attribute
pigtail,attribute
glitter,attribute
coca_cola,attribute
camouflage,attribute
velvet,attribute
platinum_blond,attribute
satin,attribute
flyweight,attribute
plane,attribute
patchwork,attribute
emerald,attribute
wrinkle,attribute
forward,attribute
granite,attribute
classical_music,concept
music,concept
electronics,concept
technology,concept
nature,concept
sport,concept
performing_arts,concept
entertainment,concept
performance,concept
male,concept
lighting,concept
art,concept
close_up,concept
choir,concept
design,concept
hairstyle,concept
human_behavior,concept
musical_ensemble,concept
line,concept
font,concept
military_organization,concept
marching_band,concept
crowd,concept
team,concept
crew,concept
army,concept
troop,concept
song,concept
film,concept
news,concept
logo,concept
graphics,concept
interaction,concept
religion,concept
clergy,concept
games,concept
wildlife,concept
fauna,concept
heat,concept
automotive_design,concept
automotive_exterior,concept
indoor_games_and_sports,concept
shadow,concept
extreme_sport,concept
pattern,concept
silhouette,concept
winter_sport,concept
geological_phenomenon,concept
selfie,concept
service,concept
job,concept
plaster,concept
research,concept
angle,concept
orchestra,concept
pop_music,concept
rectangle,concept
electrical_network,concept
audience,concept
emotion,concept
money,concept
currency,concept
tradition,concept
official,concept
stock_photography,concept
geology,concept
rock,concept
graphic_design,concept
architecture,concept
brand,concept
romance,concept
organism,concept
animal_source_foods,concept
junk_food,concept
cuisine,concept
handwriting,concept
athletics,concept
vegetation,concept
public_utility,concept
interior_design,concept
fixed_link,concept
water_transportation,concept
wind,concept
physical_fitness,concept
memorial,concept
love,concept
friendship,concept
water_sport,concept
endurance_sports,concept
tartan,concept
plaid,concept
real_estate,concept
ecosystem,concept
facial_expression,concept
dog_breed,concept
individual_sports,concept
infrastructure,concept
east_asian_food,concept
asian_food,concept
seafood,concept
mixture,concept
recipe,concept
martial_arts,concept
striking_combat_sports,concept
japanese_martial_arts,concept
combat_sport,concept
tourism,concept
mode_of_transport,concept
animal_sports,concept
construction,concept
painting,concept
visual_arts,concept
graffito,concept
street_art,concept
golf_club,concept
tool,concept
vegetarian_food,concept
fictional_character,concept
circle,concept
off_road,concept
land_vehicle,concept
plant_community,concept
people,concept
family,concept
local_food,concept
community,concept
contact_sport,concept
agriculture,concept
waste_containment,concept
display_advertising,concept
team_sport,concept
major_appliance,concept
american_food,concept
baked_goods,concept
meal,concept
finger_food,concept
fast_food,concept
cycle_sport,concept
marine_mammal,concept
underwater,concept
class,concept
comfort,concept
benthos,concept
shoal,concept
match_play,concept
herd,concept
war,concept
stick_and_ball_games,concept
boardsport,concept
watercraft,concept
kite_sports,concept
surface_water_sports,concept
windsports,concept
comfort_food,concept
motorsport,concept
medical,concept
taste,concept
european_food,concept
italian_food,concept
shelving,concept
inventory,concept
luxury_vehicle,concept
television_program,concept
energy,concept
air_sports,concept
weapon,concept
racquet_sport,concept
ball_over_a_net_games,concept
doubles,concept
square,concept
modern_art,concept
stick_and_ball_sports,concept
public_transport,concept
social_group,concept
equestrian_sport,concept
traditional_sport,concept
cube,concept
party_supply,concept
number,concept
software,concept
natural_foods,concept
classic_car,concept
health_care,concept
mid_size_car,concept
roller_sport,concept
aviation,concept
air_force,concept
floristry,concept
floral_design,concept
pollution,concept
aerial_photography,concept
court_game,concept
business,concept
commodity,concept
erg,concept
meteorological_phenomenon,concept
decor,concept
japanese_cuisine,concept
engineering,concept
lockstitch,concept
tread,concept
fashion_design,concept
cylinder,concept
clip_art,concept
symbol,concept
weapon_combat_sports,concept
pyramid,concept
towed_water_sport,concept
industry,concept
packaging_and_labeling,concept
side_dish,concept
bat_and_ball_games,concept
shooting_sport,concept
artistic_gymnastics,concept
cellular_network,concept
non_sporting_group,concept
heart,concept
primate,concept
military_officer,concept
laser,concept
mesh,concept
triangle,concept
arch,concept
field_game,concept
medicine,concept
laughter,concept
law_enforcement,concept
mineral,concept
fried_food,concept
street_food,concept
traffic,concept
sphere,concept
line_art,concept
police,concept
pollinator,concept
mass_production,concept
circus,concept
telephony,concept
monochrome_photography,concept
animal_migration,concept
emergency_service,concept
rapid_transit,concept
german_food,concept
grilled_food,concept
still_life_photography,concept
still_life,concept
costume_design,concept
spiral,concept
management,concept
superfood,concept
electricity,concept
stucco,concept
pint_us,concept
computer_program,concept
diet_food,concept
convenience_food,concept
website,concept
security,concept
frozen_food,concept
light_commercial_vehicle,concept
confectionery,concept
map,concept
tribe,concept
spring_break,concept
spoor,concept
dressage,concept
pachyderm,concept
ancient_history,concept
luxury_yacht,concept
military_rank,concept
cable_management,concept
blessing,concept
court,concept
water_ball_sports,concept
emergency,concept
rose_order,concept
color_guard,concept
star,concept
skin_care,concept
history,concept
medal_play,concept
ensemble,concept
concert_band,concept
video_game_software,concept
dialog_box,concept
singles,concept
spotlight,concept
whole_food,concept
dog_sports,concept
collaboration,concept
spanish_cuisine,concept
summer,event
night,event
concert,event
vacation,event
wedding,event
ceremony,event
morning,event
adventure,event
public_event,event
conversation,event
party,event
winter,event
competition,event
race,event
broad_jump,event
multi_sport_event,event
decathlon,event
meeting,event
convention,event
seminar,event
speech,event
disaster,event
halloween,event
banquet,event
art_exhibition,event
exhibition,event
demonstration,event
bedtime,event
brunch,event
breakfast,event
lunch,event
autumn,event
conference,event
parade,event
festival,event
carnival,event
rock_concert,event
massage,event
spring,event
holiday,event
christmas,event
tournament,event
evening,event
championship,event
lecture,event
presentation,event
ritual,event
ski_cross,event
general_aviation,event
air_travel,event
flight,event
sunrise_and_sunset,event
news_conference,event
supper,event
manicure,event
safari,event
protest,event
award_ceremony,event
dinner,event
picnic,event
road_trip,event
auto_show,event
heptathlon,event
marathon,event
freight_transport,event
800_metres,event
photo_shoot,event
wedding_reception,event
graduation,event
brass_instrument,object
musical_instrument,object
trumpet,object
woodwind_instrument,object
musician,object
musical_instrument_accessory,object
wind_instrument,object
trombone,object
trumpeter,object
gadget,object
electronic_musical_instrument,object
electronic_device,object
arm,object
thumb,object
joystick,object
audio_equipment,object
nail,object
hand,object
human_body,object
finger,object
joint,object
shoulder,object
human_leg,object
girl,object
grass,object
plant,object
footwear,object
tree,object
shorts,object
thigh,object
lawn,object
mouth,object
child,object
nose,object
hair,object
head,object
eye,object
cheek,object
forehead,object
eyebrow,object
face,object
violist,object
cellist,object
violin_family,object
man,object
cello,object
string_instrument,object
human,object
bowed_string_instrument,object
flute,object
flautist,object
fipple_flute,object
flutist,object
string_instrument_accessory,object
guitarist,object
chin,object
neck,object
plucked_string_instruments,object
guitar,object
lip,object
bass_guitar,object
loudspeaker,object
speaker,object
furniture,object
subwoofer,object
home_appliance,object
toddler,object
table,object
saxophonist,object
baritone_saxophone,object
tenor_saxophonist,object
saxophone,object
skateboarding_equipment_and_supplies,object
segway,object
unicycle,object
parquet,object
flooring,object
violinist,object
reed_instrument,object
electric_piano,object
piano_keyboard,object
pianist,object
fortepiano,object
pianet,object
musical_keyboard,object
piano,object
keyboard_instrument,object
balloon,object
ball,object
flower,object
sari,object
orator,object
outerwear,object
cloud,object
player,object
cornet,object
skin,object
boy,object
infant,object
glasses,object
facial_hair,object
eyewear,object
jaw,object
woody_plant,object
text,object
sunlight,object
military_person,object
grenadier,object
uniform,object
infantry,object
newscaster,object
fur,object
ear,object
microphone,object
senior_citizen,object
headgear,object
moustache,object
singer,object
beard,object
arcade_game,object
pinball_machine,object
snout,object
vertebrate,object
jeans,object
city_car,object
fire,object
vehicle,object
car,object
motor_vehicle,object
family_car,object
display_device,object
slot,object
slot_machine,object
automotive_lighting,object
textile,object
tom_tom_drum,object
drum,object
drummer,object
percussionist,object
eyelash,object
organ,object
eye_shadow,object
makeup,object
organist,object
audio_engineer,object
baby_products,object
doll,object
woman,object
dancer,object
wheelchair,object
wheel,object
t_shirt,object
poster,object
tarpaulin,object
skin_head_percussion_instrument,object
drumstick,object
cymbal,object
steel_drum,object
display_window,object
muscle,object
light_fixture,object
branch,object
neon_sign,object
vigil_light,object
dry_suit,object
ice,object
spinet,object
clavier,object
oboist,object
knee,object
machine,object
costume,object
camera_operator,object
hip,object
leaf,object
helmet,object
lip_gloss,object
cosmetics,object
lipstick,object
tire,object
automotive_wheel_system,object
rim,object
automotive_tire,object
computer_keyboard,object
wire,object
microcontroller,object
electrical_wiring,object
circuit_component,object
remote_control,object
electronic_component,object
circuit,object
electronics_accessory,object
drink,object
lighter,object
foot,object
back,object
chalk,object
water,object
personal_protective_equipment,object
ice_skate,object
wind_wave,object
outdoor_structure,object
cash,object
measuring_instrument,object
small_appliance,object
hardware,object
soil,object
abdomen,object
tattoo,object
bodybuilder,object
sign,object
model,object
free_reed_aerophone,object
folk_instrument,object
accordion,object
board_game,object
clothing,object
couch,object
produce,object
violin,object
double_bass,object
sun,object
artwork,object
bratwurst,object
meat,object
sausage,object
dessert,object
dish,object
food,object
safe,object
ocarina,object
wood_stain,object
latch,object
lock,object
video_game_console,object
box,object
home_game_console_accessory,object
playstation_accessory,object
game_controller,object
input_device,object
mellophone,object
euphonium,object
electronic_keyboard,object
keyboard_player,object
dress_shirt,object
suit,object
fashion_accessory,object
bow_tie,object
collar,object
formal_wear,object
necktie,object
sewing_machine,object
pencil_sharpener,object
sheep,object
livestock,object
iris,object
pen,object
document,object
paper_product,object
office_supplies,object
portrait,object
sleeve,object
artisan,object
torso,object
highchair,object
plumbing_fixture,object
faucet,object
sink,object
plumbing,object
hurdle,object
athlete,object
street_light,object
pole,object
bungee,object
ceiling,object
wall,object
door,object
surfing_equipment_and_supplies,object
mast,object
sail,object
sailboat,object
boat,object
sculpture,object
marimba,object
statue,object
monument,object
swimmer,object
camgirl,object
lingerie,object
undergarment,object
ankle,object
chess_master,object
tabletop_game,object
chessman,object
chessboard,object
bagpipes,object
kilt,object
tuxedo,object
stubble,object
cap,object
tower,object
arecales,object
conifer,object
roof,object
facade,object
linens,object
walker,object
toy,object
pineapple,object
fruit,object
ananas,object
bromeliaceae,object
cumulus,object
dog,object
barber,object
hairdresser,object
guard_rail,object
bowling_ball,object
bowler,object
bowling_pin,object
dishware,object
tableware,object
ingredient,object
flour,object
hair_coloring,object
whiskers,object
trousers,object
black_belt,object
dobok,object
chest,object
smoke,object
carnivoran,object
mammal,object
sand,object
desk,object
lumber,object
carpenter,object
clown,object
swimwear,object
sunbather,object
mud,object
banderillero,object
cattle_like_mammal,object
matador,object
bull,object
rubble,object
power_shovel,object
construction_equipment,object
scrap,object
bulldozer,object
illustration,object
sportswear,object
window,object
plastic_bag,object
mural,object
graffiti,object
pumpkin,object
vegetable,object
gourd,object
jack_o_lantern,object
cucumber_gourd_and_melon_family,object
cucurbita,object
carving,object
telephone,object
snack,object
television_set,object
jacket,object
shirt,object
football_player,object
dress,object
motorcycle_accessories,object
outdoor_play_equipment,object
venison,object
red_meat,object
animal_fat,object
beef,object
butcher,object
beef_tenderloin,object
siding,object
carrot,object
water_feature,object
barbell,object
weights,object
weightlifter,object
exercise_equipment,object
cobblestone,object
outdoor_shoe,object
slate_roof,object
cartoon,object
cookware_and_bakeware,object
hot_pot,object
aioli,object
green_bean,object
tile,object
motocross_bike,object
motorcycle,object
melon,object
citrullus,object
watermelon,object
paw,object
cat,object
kitten,object
citrus,object
choreographer,object
bicycle,object
agricultural_machinery,object
tractor,object
mower,object
outdoor_power_equipment,object
mattress,object
bed,object
bed_frame,object
recycling_bin,object
garbage_man,object
waste_container,object
lobe,object
magazine,object
billboard,object
basketball_player,object
washing_machine,object
clothes_dryer,object
laundry,object
playpen,object
sandwich,object
paper_towel,object
medicine_ball,object
sports_equipment,object
road_bicycle,object
mountain_bike,object
herb,object
bicycle_accessory,object
bmx_bike,object
bird,object
beak,object
pigeons_and_doves,object
divemaster,object
diver,object
buoyancy_compensator,object
fish,object
diving_equipment,object
fin,object
aquanaut,object
shoe,object
student,object
common_pet_parakeet,object
parrot,object
parakeet,object
lovebird,object
perico,object
feather,object
macaw,object
cage,object
chair,object
coral_reef_fish,object
marine_invertebrates,object
algae,object
coral,object
aqua,object
goat,object
waterfowl,object
wave,object
ducks_geese_and_swans,object
tail,object
terrestrial_animal,object
chain_link_fencing,object
net,object
television_reporter,object
journalist,object
television_presenter,object
windshield,object
bicycle_wheel,object
alloy_wheel,object
bicycle_part,object
bicycle_frame,object
bicycle_tire,object
stove_and_oven,object
wok,object
countertop,object
kitchen_appliance,object
sled,object
snowmobile,object
handlebar,object
auto_part,object
bicycle_chain,object
steel,object
glass,object
artificial_fly,object
twig,object
spatula,object
dough,object
golf_equipment,object
top,object
tablecloth,object
envelope,object
leaf_vegetable,object
salad,object
golfer,object
putter,object
professional_golfer,object
spaniel,object
puppy,object
companion_dog,object
bridle,object
horse_harness,object
mare,object
mane,object
pack_animal,object
stallion,object
rein,object
horse_like_mammal,object
halter,object
horse,object
horse_tack,object
horse_supplies,object
dance_dress,object
ballet_skirt,object
plant_stem,object
active_undergarment,object
goal,object
drinkware,object
marines,object
red_carpet,object
boxing_glove,object
boxing_equipment,object
carpet,object
wrestler,object
shopping_cart,object
skateboarder,object
pedestrian,object
lacrosse_training_equipment,object
football_helmet,object
protective_equipment_in_gridiron_football,object
football_equipment_and_supplies,object
jersey,object
protective_gear_in_sports,object
longboard,object
skateboard,object
motorboat,object
boats_and_boating_equipment_and_supplies,object
javelin,object
surfboard,object
soccer_player,object
soccer_ball,object
hot_tub,object
tights,object
knitting_needle,object
knot,object
spindle,object
thread,object
crochet_needle,object
bricklayer,object
brick,object
stone_wall,object
brickwork,object
eating_apple,object
go_kart,object
all_terrain_vehicle,object
crop,object
physician,object
patient,object
construction_worker,object
mender,object
communication_device,object
mobile_phone,object
bobsled,object
baseball_cap,object
hat,object
scissors,object
baseball_equipment,object
campfire,object
bread,object
bread_dough,object
bubble,object
chef,object
dairy_product,object
snowsuit,object
curd,object
batter,object
cream,object
jewellery,object
bead,object
crystal,object
gemstone,object
cup,object
serveware,object
pizza,object
cake,object
pizza_cheese,object
pepperoni,object
oyster,object
appetizer,object
frost,object
steamed_rice,object
white_rice,object
bed_sheet,object
fireplace,object
hearth,object
baker,object
household_cleaning_supply,object
bedding,object
dairy_cow,object
cow_goat_family,object
vacuum_cleaner,object
swab,object
diaper,object
bucket,object
fitness_professional,object
edger,object
walk_behind_mower,object
teddy_bear,object
stuffed_toy,object
agaric,object
mushroom,object
aquatic_plant,object
vascular_plant,object
fungus,object
edible_mushroom,object
matsutake,object
bolete,object
agaricomycetes,object
agaricaceae,object
toe,object
spokesperson,object
white_collar_worker,object
anchor,object
businessperson,object
christmas_decoration,object
christmas_tree,object
home_door,object
refrigerator,object
parachute,object
hang_glider,object
baggage,object
root_vegetable,object
potato,object
apple,object
fruit_tree,object
tooth,object
boot,object
agriculturist,object
farmworker,object
gardener,object
shrub,object
shovel,object
date_palm,object
pine_family,object
garmon,object
button_accordion,object
diatonic_button_accordion,object
accordionist,object
bandoneon,object
racket,object
tennis_equipment_and_supplies,object
squash,object
screen,object
emblem,object
sedan,object
electrical_supply,object
overhead_power_line,object
acoustic_guitar,object
guitar_accessory,object
electric_guitar,object
pawn,object
bass_fiddle,object
queen,object
cor_anglais,object
bass_oboe,object
clarinet_family,object
clarinet,object
bass_drum,object
snare_drum,object
non_skin_percussion_instrument,object
percussion_accessory,object
banjo,object
drumhead,object
pipe,object
home_accessories,object
table_tennis_racket,object
collection,object
field_hockey_ball,object
lacrosse_stick,object
fashion_model,object
harmonica,object
sunglasses,object
cheerleader,object
hockey_protective_equipment,object
defenseman,object
passenger,object
konghou,object
harp,object
hockey_stick,object
bocce_ball,object
cuatro,object
mandolin,object
tiple,object
polo_pony,object
jockey,object
equestrian,object
polo_mallet,object
book,object
bookcase,object
whistle,object
unicyclist,object
puzzle,object
block,object
tennis_player,object
tennis_pro,object
volleyball_player,object
stomach,object
lead_pencil,object
knife,object
chest_of_drawers,object
distilled_beverage,object
bottle,object
whisky,object
bartender,object
alcoholic_beverage,object
beer,object
spinach,object
porcelain,object
spring_greens,object
bowl,object
flat_panel_display,object
teacher,object
hors_d_oeuvre,object
bell_peppers_and_chili_peppers,object
exercise_machine,object
full_size_car,object
performance_car,object
bumper,object
compact_car,object
vehicle_door,object
hood,object
steering_part,object
steering_wheel,object
car_seat,object
head_restraint,object
car_seat_cover,object
personal_computer,object
bicycle_saddle,object
toilet,object
washbasin,object
hair_accessory,object
bidet,object
sweater,object
ski_equipment,object
ski,object
ski_pole,object
snowshoe,object
ski_binding,object
aircraft,object
propeller,object
wing,object
pine,object
snowboard,object
snorkel,object
automotive_window_part,object
mirror,object
flower_bouquet,object
bathtub,object
sea_ice,object
sandbox,object
seat_belt,object
drawer,object
skiff,object
wetsuit,object
sea_kayak,object
kayak,object
rope,object
black_cat,object
wrestling_singlet,object
wrestling_mat,object
spinning_wheel,object
square_dancer,object
machine_tool,object
figurine,object
flowerpot,object
flowering_plant,object
houseplant,object
watering_can,object
bow_and_arrow,object
chain,object
baby_carrier,object
baby_buggy,object
hard_hat,object
wedding_ring,object
cookies_and_crackers,object
camel,object
arabian_camel,object
indian_elephant,object
african_elephant,object
elephant,object
grocer,object
playground_slide,object
figure_skater,object
egg,object
egg_yolk,object
yolk,object
calf,object
horn,object
ox,object
stall,object
shopkeeper,object
beam,object
scaffolding,object
composite_material,object
cravat,object
dining_table,object
physical_therapist,object
therapist,object
heel,object
ligament,object
sushi,object
rice,object
sashimi,object
pan,object
aqualung,object
platter,object
plate,object
window_covering,object
tongue,object
cash_machine,object
power_drill,object
drill,object
lathe,object
metal_lathe,object
scooter,object
racer,object
stock_car,object
race_car,object
fan,object
backseat,object
sewing_machine_needle,object
toy_box,object
nail_polish,object
wedding_dress,object
gown,object
bride,object
curtain,object
spoke,object
car_tire,object
newspaper,object
serger,object
saddle,object
horseman,object
sport_utility_vehicle,object
hedge,object
spitz,object
samoyed,object
west_highland_white_terrier,object
pungsan_dog,object
outdoor_furniture,object
fur_clothing,object
wire_fencing,object
stemware,object
red_wine,object
wine_glass,object
wine,object
champagne,object
liquor_shelf,object
mat,object
briefs,object
outdoor_grill,object
dustpan,object
grape,object
grapevine_family,object
leotard,object
musher,object
sled_dog,object
dog_sled,object
shed,object
bumper_car,object
sleeper,object
tudung,object
stunt_performer,object
fir,object
handrail,object
sports_uniform,object
banner,object
bathing_cap,object
broom,object
sauces,object
yacht,object
scow,object
kielbasa,object
rolling_pin,object
bedrock,object
boulder,object
snow_thrower,object
snowplow,object
rotisserie,object
sports_car,object
scarf,object
labrador_retriever,object
track_spikes,object
water_ski,object
vizsla,object
hunting_dog,object
loom,object
bassinet,object
infant_bed,object
giraffe,object
fountain,object
compound_microscope,object
microscope,object
optical_instrument,object
light_microscope,object
scientific_instrument,object
barware,object
carton,object
laptop,object
mobile_device,object
smartphone,object
feature_phone,object
amusement_ride,object
toppings,object
chocolate_cake,object
chocolate,object
flourless_chocolate_cake,object
whipped_cream,object
baseball_bat,object
baseball_player,object
strainer,object
colander,object
cutlery,object
mixing_bowl,object
carriage,object
swing,object
crossword_puzzle,object
brush,object
barrow,object
palm_tree,object
tent,object
gymnast,object
lineman,object
juice,object
personal_digital_assistant,object
portable_communications_device,object
groundcover,object
bathroom_sink,object
underpants,object
toothbrush,object
sport_kite,object
metalsmith,object
welder,object
blacksmith,object
camera_accessory,object
seabird,object
comforter,object
drinking_water,object
air_bubble,object
fence,object
medical_glove,object
label,object
uneven_parallel_bars,object
dip,object
coffee_table,object
fork,object
whales_dolphins_and_porpoises,object
sailing_ship,object
dhow,object
ship,object
roller_skates,object
charcoal,object
minivan,object
van,object
compact_van,object
gate,object
pickup_truck,object
medical_assistant,object
shelf,object
scaled_reptile,object
reptile,object
boas,object
serpent,object
boa_constrictor,object
snake,object
cricket_bat,object
runner,object
german_shepherd_dog,object
sand_wedge,object
broccoli,object
ring,object
artifact,object
koi,object
goldfish,object
aquarium,object
firefighter,object
singlet,object
annual_plant,object
cabinetry,object
sugar_paste,object
buttercream,object
fondant,object
birthday_cake,object
icing,object
torte,object
wig,object
exhaust_system,object
pencil,object
jigsaw_puzzle,object
christmas_lights,object
broth,object
soup,object
coin,object
bonfire,object
pinscher,object
knackwurst,object
sketch,object
fried_egg,object
ladder,object
urinal,object
sneakers,object
athletic_shoe,object
walking_shoe,object
scale_model,object
play_vehicle,object
charcuterie,object
car_wheel,object
automotive_exhaust,object
automotive_engine_part,object
engine,object
gearshift,object
guard_dog,object
american_pit_bull_terrier,object
whippet,object
foil,object
fishing_rod,object
oars,object
paddle,object
harvester,object
bullfighter,object
watercolor_paint,object
candle,object
hoodie,object
beehive,object
bee,object
beekeeper,object
bubble_gum,object
wiper,object
coverall,object
honey_bee,object
membrane_winged_insect,object
honeycomb,object
insect,object
invertebrate,object
action_figure,object
cookie,object
chocolate_chip_cookie,object
biscuit,object
central_processing_unit,object
computer_hardware,object
computer_cooling,object
motherboard,object
computer_component,object
computer_case,object
petal,object
rose,object
rose_family,object
cut_flowers,object
center_console,object
aerialist,object
crocodile,object
crocodilia,object
alligator,object
goggles,object
american_alligator,object
cold_weapon,object
pig_like_mammal,object
gauge,object
archer,object
bouquet,object
cable,object
computer_accessory,object
roast_beef,object
steak,object
bikini,object
parallel_bars,object
drinker,object
circus_acrobat,object
trapeze,object
belay_device,object
shaving_cream,object
chest_hair,object
retriever,object
vintage_car,object
off_road_vehicle,object
baby_toys,object
researcher,object
data_storage_device,object
tabby_cat,object
torch,object
bassist,object
bass,object
fiddle,object
chip,object
academic_dress,object
balance_beam,object
blender,object
mixer,object
food_processor,object
pomeranian,object
maltese,object
german_spitz,object
golf_ball,object
schnoodle,object
terrier,object
golden_retriever,object
polo_shirt,object
flag,object
flag_of_the_united_states,object
ivy,object
bandage,object
glove,object
fishing_lure,object
bait,object
basket,object
hybrid_bicycle,object
racing_bicycle,object
neon_lamp,object
water_bird,object
fencing_sword,object
epee,object
fencing_weapon,object
safety_bicycle,object
leggings,object
bony_fish,object
fish_feeder,object
litter,object
carbonara,object
taglierini,object
noodle,object
spaghetti,object
backboard,object
bin,object
executive_car,object
supercar,object
windshield_wiper,object
pontoon,object
paving,object
dumbbell,object
spruce,object
bus,object
traffic_cop,object
ballet_dancer,object
shih_tzu,object
stairs,object
cookie_sheet,object
stew,object
clams_oysters_mussels_and_scallops,object
clam,object
frying_pan,object
sash_window,object
gas_ring,object
microwave_oven,object
comb,object
rock_climbing_equipment,object
craftsman,object
radial,object
mechanic,object
winter_squash,object
artificial_turf,object
iceberg,object
fisherman,object
nib,object
fountain_pen,object
trailer,object
display_case,object
trampoline,object
printer,object
saw,object
customer,object
spume,object
flagstone,object
brassiere,object
skewer,object
brochette,object
yakitori,object
miniature_poodle,object
poodle,object
disk_jockey,object
griddle,object
bicycle_handlebar,object
wrist,object
centrepiece,object
vase,object
picnic_boat,object
garbage_heap,object
canoe,object
condiment,object
pebble,object
blood,object
cheerleading_uniform,object
salmon,object
bayonne_ham,object
blackboard,object
bowling_equipment,object
birch,object
medical_equipment,object
flush_toilet,object
finger_paint,object
window_treatment,object
climbing_frame,object
gas_burner,object
parsley,object
pothole,object
beanie,object
ice_lolly,object
ice_cream,object
ice_cream_cone,object
miler,object
spoon,object
cupboard,object
hubcap,object
caricaturist,object
moped,object
padlock,object
cruciferous_vegetables,object
duck,object
coffee,object
bean,object
mountaineer,object
commercial_vehicle,object
minibus,object
green_algae,object
kisser,object
glider,object
pliers,object
necklace,object
bracelet,object
bicycle_helmet,object
kitchen_knife,object
trowel,object
electronic_signage,object
door_handle,object
blouse,object
photocopier,object
duplicator,object
scanner,object
output_device,object
jointer,object
wildlife_biologist,object
acoustic_electric_guitar,object
fret,object
maraca,object
lute,object
firearm,object
electric_organ,object
organ_pipe,object
farm_machine,object
sarong,object
tennis_racket,object
saxhorn,object
concert_grand,object
xylophone,object
vibraphone,object
beer_cocktail,object
cocktail_garnish,object
cocktail,object
non_alcoholic_beverage,object
led_backlit_lcd_display,object
lcd_tv,object
tomato,object
garnish,object
melee_weapon,object
fuel,object
gas_pump,object
siberian_husky,object
greenland_dog,object
knit_cap,object
hospital_bed,object
sloop,object
truck,object
forklift_truck,object
tomahawk,object
motorized_wheelchair,object
donkey,object
mule,object
elliptical_trainer,object
hardware_accessory,object
scuba_diver,object
glutinous_rice,object
tea,object
saucer,object
coffee_cup,object
stony_coral,object
mallet,object
hammer,object
military_uniform,object
military_camouflage,object
tank,object
stick,object
kite,object
crane,object
seaweed,object
cart,object
foundation,object
headpiece,object
steam_iron,object
motorcyclist,object
motor_scooter,object
vaulter,object
galliformes,object
bicycle_drivetrain_part,object
exercise_bike,object
musket,object
toy_poodle,object
climber,object
alpinist,object
open_wheel_car,object
chariot,object
maillot,object
circular_saw,object
coat,object
blue_collar_worker,object
engineer,object
traffic_light,object
police_officer,object
powdered_sugar,object
toilet_tissue,object
white_coat,object
lab_coat,object
trigger,object
pantyhose,object
window_screen,object
jasmine_rice,object
teapot,object
pezizales,object
oyster_mushroom,object
agaricus,object
greek_salad,object
cucumber,object
wildflower,object
cheese,object
cream_cheese,object
pastry,object
acrylic_paint,object
airliner,object
discinaceae,object
soft_drink,object
aquifoliaceae,object
terrestrial_plant,object
cabinet,object
tricycle,object
bag,object
garbage_truck,object
trailer_truck,object
aegean_cat,object
moss,object
flatbread,object
sicilian_pizza,object
retaining_wall,object
fern,object
bench,object
cherry,object
personal_flotation_device,object
gift,object
color_television,object
pug,object
safety_belt,object
speedometer,object
paintball_equipment,object
volleyball_net,object
bichon,object
rifle,object
alto_horn,object
air_gun,object
paintball_gun,object
beer_glass,object
jungle_gym,object
horizontal_bar,object
light_bulb,object
milk,object
bib,object
ale,object
pint_glass,object
vintage_clothing,object
cowboy_hat,object
seaplane,object
tub,object
stalagmite,object
coconut,object
mask,object
random_orbital_sander,object
safety_glove,object
theater_curtain,object
waist,object
bottled_water,object
foal,object
colt,object
rubber_boot,object
tusk,object
sun_hat,object
oyster_shell,object
wagon,object
lighting_accessory,object
blazer,object
chain_saw,object
tachometer,object
passenger_ship,object
motor_ship,object
diving_mask,object
cookware_accessory,object
sea_turtle,object
loggerhead,object
blade,object
window_blind,object
vehicle_registration_plate,object
wrench,object
cardboard_box,object
champagne_stemware,object
lasso,object
scoreboard,object
havanese,object
loveseat,object
alaskan_malamute,object
camera,object
barrel,object
sandal,object
groom,object
greyhound,object
automotive_mirror,object
lollipop,object
horse_trainer,object
chute,object
swimsuit_bottom,object
rear_view_mirror,object
computer,object
desktop_computer,object
chassis,object
drop,object
dinnerware_set,object
roller_blades,object
lace,object
cowboy,object
column,object
baluster,object
shower_curtain,object
travel_trailer,object
schipperke,object
fedora,object
glassblower,object
album_cover,object
leash,object
nightwear,object
water_polo_cap,object
vitis,object
croquet_mallet,object
picket_fence,object
crampon,object
lamp,object
flashlight,object
berry,object
dolphin,object
royal_icing,object
sugar_cake,object
balcony,object
frozen_dessert,object
lemonade,object
lemon,object
clementine,object
waiter,object
cheeseburger,object
hamburger,object
car_mirror,object
gear,object
hatchback,object
blossom,object
bun,object
cabin_cruiser,object
cab,object
bridal_clothing,object
ferry,object
emergency_vehicle,object
umbrella,object
watch,object
vehicle_brake,object
office_equipment,object
adding_machine,object
hand_calculator,object
hub_gear,object
earrings,object
cellular_telephone,object
hatchet,object
ax,object
picador,object
sideboard,object
hair_dryer,object
pilot_boat,object
garden_roses,object
spin_dryer,object
clothes_hamper,object
folk_dancer,object
carbonated_soft_drinks,object
cola,object
ranged_weapon,object
gravel,object
storage_basket,object
climbing_harness,object
chihuahua,object
needle,object
portable_media_player,object
media_player,object
wardrobe,object
clothes_closet,object
closet,object
backhoe,object
ax_handle,object
button,object
cocktail_dress,object
coffee_bean,object
skidder,object
collie,object
chicken,object
domestic_rabbit,object
rabbit,object
sapsali,object
trail_bike,object
goat_antelope,object
park_bench,object
bagel,object
concertina,object
espresso,object
pigeon,object
stock_dove,object
convertible,object
mandarin_orange,object
gazebo,object
gin_and_tonic,object
cockapoo,object
io_card,object
heat_sink,object
panelist,object
catamaran,object
dashboard,object
florist,object
wedding_ceremony_supply,object
all_xbox_accessory,object
playstation_3_accessory,object
space_bar,object
grand_piano,object
handbag,object
fishing_bait,object
synthesizer,object
pearl,object
home_fencing,object
glockenspiel,object
celesta,object
little_black_dress,object
kettle,object
bassoon,object
automaton,object
shopping_basket,object
speleothem,object
mcintosh,object
running_shoe,object
dryer,object
superhero,object
redhead,object
fly,object
spice,object
dome,object
numeric_keypad,object
seed,object
pocket,object
dairy_cattle,object
marcher,object
mattress_pad,object
skirt,object
switch,object
sprinkler,object
hot_air_balloon,object
big_cats,object
shipwreck,object
digital_clock,object
power_mower,object
cricketer,object
robot,object
stocking,object
lens,object
antique_car,object
angle_grinder,object
stout,object
uke,object
pillow,object
high_heeled_footwear,object
train,object
ribbon,object
great_dane,object
sculptor,object
collage,object
cheese_pizza,object
mug,object
camera_lens,object
root,object
earl_grey_tea,object
headphones,object
pinata,object
feather_boa,object
standard_poodle,object
sock,object
bugle,object
wood_burning_stove,object
cod,object
quill,object
cucumis,object
flightless_bird,object
hairbrush,object
colubridae,object
bowie_knife,object
juggler,object
antique,object
whisk,object
oxygen_mask,object
cannon,object
dishwasher,object
peel,object
streamer_fly,object
rock_star,object
hay,object
straw,object
curbstone,object
lotion,object
brake_disk,object
meat_grinder,object
pony,object
chocolate_brownie,object
cowbarn,object
dump_truck,object
pommel_horse,object
potato_and_tomato_genus,object
farmer,object
non_commissioned_officer,object
pointer,object
table_knife,object
hand_glass,object
oil_paint,object
commuter,object
lettuce,object
horse_and_buggy,object
wicker_basket,object
mixing_console,object
thorns_spines_and_prickles,object
fishing_vessel,object
inflatable_boat,object
plimsoll,object
rodent,object
beyaz_peynir,object
wicket,object
spinach_salad,object
pig,object
tall_ship,object
schooner,object
toast,object
fried_rice,object
hand_drum,object
handcart,object
sweet_grass,object
subcompact_car,object
swan,object
bathroom_accessory,object
lever,object
whaler,object
golfcart,object
stuffing,object
barramundi,object
caesar_salad,object
shrimp,object
workman,object
locker,object
locomotive,object
bongo,object
wheat_beer,object
mason_jar,object
french_fries,object
chocolate_spread,object
percussion_instrument,object
pasta,object
meadow,scene
backyard,scene
garden,scene
yard,scene
stage,scene
musical_theatre,scene
field,scene
sky,scene
pasture,scene
grassland,scene
park,scene
landscape,scene
casino,scene
floor,scene
nightclub,scene
piste,scene
mountainous_landforms,scene
mountain,scene
hill,scene
snow_covered_landscape,scene
highland,scene
mountain_range,scene
forest,scene
bar,scene
restaurant,scene
chapel,scene
path,scene
theatre,scene
road,scene
street,scene
coast,scene
coastal_and_oceanic_landforms,scene
home,scene
property,scene
land_lot,scene
natural_resources,scene
room,scene
race_track,scene
stadium,scene
sport_venue,scene
arena,scene
house,scene
sea,scene
leisure_centre,scene
swimming_pool,scene
building,scene
residential_area,scene
estate,scene
grove,scene
barbershop,scene
lane,scene
track,scene
bowling_alley,scene
beauty_salon,scene
body_of_water,scene
beach,scene
river,scene
bank,scene
watercourse,scene
waterway,scene
bullring,scene
formation,scene
plain,scene
function_hall,scene
playground,scene
butcher_shop,scene
gym,scene
walkway,scene
stream,scene
creek,scene
nature_reserve,scene
riparian_zone,scene
ice_rink,scene
hotel_room,scene
bedroom,scene
hotel,scene
basketball_court,scene
office,scene
public_space,scene
school,scene
terrain,scene
shore,scene
aeolian_landform,scene
dune,scene
ecoregion,scene
sidewalk,scene
dock,scene
marina,scene
living_room,scene
coral_reef,scene
reef,scene
zoo,scene
kitchen,scene
golf_course,scene
auditorium,scene
tennis_court,scene
rural_area,scene
football_stadium,scene
field_lacrosse,scene
horizon,scene
lake,scene
resort,scene
boutique,scene
shopping_mall,scene
retail,scene
supermarket,scene
aisle,scene
grocery_store,scene
music_venue,scene
parking,scene
farm,scene
hall,scene
market,scene
dining_room,scene
ice_hockey_position,scene
ice_hockey_rink,scene
haze,scene
ranch,scene
kindergarten,scene
tourist_attraction,scene
laboratory,scene
boxing_ring,scene
bathroom,scene
religious_institute,scene
headland,scene
bridge,scene
reservoir,scene
desert,scene
national_park,scene
wildlife_region,scene
amusement_park,scene
deck,scene
ballroom,scene
factory,scene
warehouse,scene
toolroom,scene
town,scene
neighbourhood,scene
workshop,scene
escarpment,scene
bay,scene
attic,scene
basement,scene
batting_cage,scene
ski_slope,scene
pond,scene
wetland,scene
massif,scene
ridge,scene
automobile_repair_shop,scene
outcrop,scene
cliff,scene
archaeological_site,scene
road_highway,scene
badlands,scene
skyscraper,scene
metropolitan_area,scene
place_of_worship,scene
landmark,scene
stable,scene
baseball_positions,scene
television_room,scene
garden_buildings,scene
clinic,scene
hospital,scene
day_nursery,scene
baseball_field,scene
sandbank,scene
fish_pond,scene
downtown,scene
urban_area,scene
restroom,scene
apiary,scene
log_cabin,scene
bakery,scene
waterfall,scene
fault,scene
inlet,scene
animal_shelter,scene
cave,scene
fluvial_landforms_of_streams,scene
sandbar,scene
boardwalk,scene
tropical_beach,scene
skyline,scene
cityscape,scene
tower_block,scene
barn,scene
garage,scene
suburb,scene
town_square,scene
tennis_camp,scene
tropics,scene
pedestrian_crossing,scene
intersection,scene
apartment,scene
condominium,scene
shack,scene
hot_spring,scene
summit,scene
panorama,scene
village,scene
shooting_range,scene
bayou,scene
tunnel,scene
cape,scene
patio,scene
courtyard,scene
plaza,scene
bazaar,scene
historic_site,scene
canyon,scene
swamp,scene
alley,scene
stream_bed,scene
arroyo,scene
foundry,scene
channel,scene
fire_department,scene
opera,scene
port,scene
marsh,scene
ballpark,scene
hut,scene
harbor,scene
meander,scene
performing_arts_center,scene
cocktail_lounge,scene
conference_hall,scene
concert_hall,scene
mountain_pass,scene
seashore,scene
carport,scene
fair,scene
tavern,scene
glacial_lake,scene
cockpit,scene
palace,scene
valley,scene
lecture_room,scene
plateau,scene
urban_design,scene
pavilion,scene
seaside,scene
riverbed,scene
paddy_field,scene
littoral,scene
strand,scene
